{
    "block.wood.break": {
        "sounds": [
            
        ],
        "replace": true
    },
    "customblock.wood.break": {
        "sounds": [
            "dig/wood1",
            "dig/wood2",
            "dig/wood3",
            "dig/wood4"
        ],
        "subtitle": "subtitles.block.generic.break"
    },
    "block.wood.fall": {
        "sounds": [
            
        ],
        "replace": true
    },
    "customblock.wood.fall": {
        "sounds": [
            "step/wood1",
            "step/wood2",
            "step/wood3",
            "step/wood4",
            "step/wood5",
            "step/wood6"
        ]
    },
    "block.wood.hit": {
        "sounds": [
            
        ],
        "replace": true
    },
    "customblock.wood.hit": {
        "sounds": [
            "step/wood1",
            "step/wood2",
            "step/wood3",
            "step/wood4",
            "step/wood5",
            "step/wood6"
        ],
        "subtitle": "subtitles.block.generic.hit"
    },
    "block.wood.place": {
        "sounds": [
            
        ],
        "replace": true
    },
    "customblock.wood.place": {
        "sounds": [
            "dig/wood1",
            "dig/wood2",
            "dig/wood3",
            "dig/wood4"
        ],
        "subtitle": "subtitles.block.generic.place"
    },
    "block.wood.step": {
        "sounds": [
        
        ],
        "replace": true
    },
    "customblock.wood.step": {
        "sounds": [
            "step/wood1",
            "step/wood2",
            "step/wood3",
            "step/wood4",
            "step/wood5",
            "step/wood6"
        ],
        "subtitle": "subtitles.block.generic.footsteps"
    }
}