{
  "parent": "minecraft:item/generated",
  "textures": {
    "layer0": "minecraft:item/paper"
  },
  "overrides": [
    { "predicate": { "custom_model_data": 1001 }, "model": "block/marble/raw" },
    { "predicate": { "custom_model_data": 1002 }, "model": "block/marble/cracked_raw" },
    { "predicate": { "custom_model_data": 1003 }, "model": "block/marble/bricks" },
    { "predicate": { "custom_model_data": 1004 }, "model": "block/marble/cracked_bricks" },
    { "predicate": { "custom_model_data": 1005 }, "model": "block/marble/smooth" },
    { "predicate": { "custom_model_data": 1006 }, "model": "block/marble/panel" },
    { "predicate": { "custom_model_data": 1007 }, "model": "block/marble/pillar" },
    { "predicate": { "custom_model_data": 1008 }, "model": "block/marble/road" },
    { "predicate": { "custom_model_data": 1009 }, "model": "block/marble/tiles" },
    { "predicate": { "custom_model_data": 1010 }, "model": "block/marble/chaotic" }
  ]
}